{"defaultList":[{"logger":"mobcaps","option":"dynamic","handlerName":null,"extraArgs":[]},{"logger":"tps","option":null,"handlerName":null,"extraArgs":[]},{"logger":"weather","option":null,"handlerName":null,"extraArgs":[]}],"players":{"FeiXueSix":[{"logger":"mobcaps","option":null,"handlerName":null,"extraArgs":[]},{"logger":"tps","option":null,"handlerName":null,"extraArgs":[]}],"meglinge_fei":[{"logger":"tps","option":null,"handlerName":null,"extraArgs":[]}],"_Ptolemy_":[{"logger":"mobcaps","option":null,"handlerName":null,"extraArgs":[]},{"logger":"tps","option":null,"handlerName":null,"extraArgs":[]},{"logger":"weather","option":null,"handlerName":null,"extraArgs":[]}],"CalciumSilicate_":[{"logger":"tps","option":null,"handlerName":null,"extraArgs":[]},{"logger":"weather","option":null,"handlerName":null,"extraArgs":[]}]}}