{
  "minecraft:recipes/misc/charcoal": {
    "criteria": {
      "has_log": "2020-03-10 12:56:56 +0800"
    },
    "done": true
  },
  "minecraft:recipes/transportation/dark_oak_boat": {
    "criteria": {
      "in_water": "2020-03-10 12:35:36 +0800"
    },
    "done": true
  },
  "minecraft:recipes/transportation/birch_boat": {
    "criteria": {
      "in_water": "2020-03-10 12:35:36 +0800"
    },
    "done": true
  },
  "minecraft:recipes/misc/iron_ingot": {
    "criteria": {
      "has_iron_ore": "2020-03-10 11:27:04 +0800"
    },
    "done": true
  },
  "minecraft:recipes/transportation/acacia_boat": {
    "criteria": {
      "in_water": "2020-03-10 12:35:36 +0800"
    },
    "done": true
  },
  "minecraft:recipes/building_blocks/birch_wood": {
    "criteria": {
      "has_log": "2020-03-10 12:56:56 +0800"
    },
    "done": true
  },
  "minecraft:recipes/transportation/oak_boat": {
    "criteria": {
      "in_water": "2020-03-10 12:35:36 +0800"
    },
    "done": true
  },
  "minecraft:adventure/root": {
    "criteria": {
      "killed_by_something": "2020-03-07 23:52:23 +0800"
    },
    "done": true
  },
  "minecraft:recipes/transportation/jungle_boat": {
    "criteria": {
      "in_water": "2020-03-10 12:35:36 +0800"
    },
    "done": true
  },
  "minecraft:recipes/misc/iron_ingot_from_blasting": {
    "criteria": {
      "has_iron_ore": "2020-03-10 11:27:04 +0800"
    },
    "done": true
  },
  "minecraft:recipes/transportation/spruce_boat": {
    "criteria": {
      "in_water": "2020-03-10 12:35:36 +0800"
    },
    "done": true
  },
  "minecraft:adventure/adventuring_time": {
    "criteria": {
      "minecraft:mountains": "2020-03-08 00:19:11 +0800",
      "minecraft:forest": "2020-03-08 17:32:57 +0800",
      "minecraft:taiga": "2020-03-07 23:44:49 +0800",
      "minecraft:taiga_hills": "2020-03-07 23:44:19 +0800",
      "minecraft:birch_forest": "2020-03-08 17:22:39 +0800",
      "minecraft:river": "2020-03-08 00:19:07 +0800",
      "minecraft:birch_forest_hills": "2020-03-08 17:22:40 +0800",
      "minecraft:wooded_mountains": "2020-03-08 00:39:21 +0800",
      "minecraft:swamp": "2020-03-10 16:27:35 +0800"
    },
    "done": false
  },
  "minecraft:recipes/building_blocks/birch_planks": {
    "criteria": {
      "has_log": "2020-03-10 12:56:56 +0800"
    },
    "done": true
  },
  "DataVersion": 1976
}