{"stat.useItem.minecraft.bow":88,"stat.leaveGame":12,"stat.useItem.minecraft.bookshelf":17,"stat.craftItem.minecraft.iron_axe":1,"stat.killEntity.Blaze":22,"stat.useItem.minecraft.glowstone":3,"stat.craftItem.minecraft.ender_eye":4,"stat.useItem.minecraft.planks":17,"stat.craftItem.minecraft.shield":2,"stat.pickup.minecraft.golden_boots":1,"stat.pickup.minecraft.glowstone_dust":12,"stat.useItem.minecraft.water_bucket":23,"stat.pickup.minecraft.rotten_flesh":125,"stat.drop.minecraft.poisonous_potato":1,"stat.mineBlock.minecraft.nether_brick_fence":2,"stat.craftItem.minecraft.golden_apple":2,"stat.pickup.minecraft.sand":1,"stat.drop.minecraft.golden_leggings":2,"stat.craftItem.minecraft.stone_axe":3,"stat.useItem.minecraft.birch_boat":3,"stat.pickup.minecraft.observer":17,"stat.killEntity.Enderman":4,"stat.craftItem.minecraft.iron_shovel":2,"stat.useItem.minecraft.brown_mushroom":2,"stat.pickup.minecraft.brown_mushroom":3,"stat.mineBlock.minecraft.sand":1,"stat.pickup.minecraft.log.0":192,"stat.craftItem.minecraft.blaze_powder":6,"stat.hopperInspected":49,"stat.pickup.minecraft.log.2":33,"stat.useItem.minecraft.iron_pickaxe":397,"stat.craftItem.minecraft.wooden_pickaxe":1,"stat.useItem.minecraft.iron_shovel":397,"stat.breakItem.minecraft.flint_and_steel":1,"stat.pickup.minecraft.sapling.2":1,"stat.mineBlock.minecraft.vine":2,"stat.furnaceInteraction":96,"stat.craftItem.minecraft.observer":31,"stat.killEntity.ZombieVillager":1,"stat.pickup.minecraft.nether_brick":19,"stat.entityKilledBy.WitherSkeleton":1,"stat.drop.minecraft.red_flower":264,"stat.pickup.minecraft.sand.0":1,"stat.pickup.minecraft.beef":353,"stat.pickup.minecraft.furnace":5,"stat.useItem.minecraft.redstone":47,"stat.mineBlock.minecraft.log.2":33,"stat.useItem.minecraft.dirt.0":882,"stat.mineBlock.minecraft.log.8":1,"stat.pickup.minecraft.iron_chestplate":1,"stat.useItem.minecraft.stone_stairs":128,"stat.mineBlock.minecraft.log.0":195,"stat.killEntity.Horse":1,"stat.pickup.minecraft.stone_stairs":10,"stat.useItem.minecraft.flint_and_steel":64,"stat.mineBlock.minecraft.fence":20,"stat.useItem.minecraft.wheat_seeds":181,"stat.useItem.minecraft.hopper":2,"stat.mineBlock.minecraft.soul_sand":3,"stat.mineBlock.minecraft.oak_stairs":79,"stat.deaths":1,"stat.playOneMinute":633326,"stat.pickup.minecraft.blaze_rod":12,"stat.useItem.minecraft.nether_brick":4,"stat.craftItem.minecraft.iron_pickaxe":4,"stat.useItem.minecraft.shears":1,"stat.drop.minecraft.iron_ingot":39,"stat.mineBlock.minecraft.tallgrass":95,"stat.pickup.minecraft.netherrack":962,"stat.drop.minecraft.coal.0":31,"stat.chestOpened":663,"stat.pickup.minecraft.pumpkin":4,"stat.useItem.minecraft.splash_potion":1,"stat.pickup.minecraft.leaves.0":1,"stat.useItem.minecraft.stone":35,"stat.mineBlock.minecraft.netherrack":839,"stat.pickup.minecraft.arrow":5,"stat.killEntity.Ghast":3,"stat.drop.minecraft.stonebrick.0":3,"stat.drop.minecraft.iron_pickaxe":1,"stat.fallOneCm":225507,"stat.pickup.minecraft.carrot":20,"stat.drop.minecraft.stone_sword":2,"stat.crouchOneCm":44629,"stat.useItem.minecraft.stone.5":4,"stat.mineBlock.minecraft.chest":1,"stat.craftItem.minecraft.planks.0":444,"stat.useItem.minecraft.stone.3":8,"stat.craftItem.minecraft.iron_ingot":209,"stat.craftItem.minecraft.chest":11,"stat.useItem.minecraft.stone.1":23,"stat.craftItem.minecraft.planks.2":132,"stat.drop.minecraft.mushroom_stew":1,"stat.pickup.minecraft.red_mushroom":1262,"stat.pickup.minecraft.golden_leggings":4,"stat.craftItem.minecraft.hopper":2,"stat.craftingTableInteraction":100,"stat.mineBlock.minecraft.wooden_pressure_plate":1,"stat.pickup.minecraft.nether_brick_fence":2,"stat.pickup.minecraft.mushroom_stew":3,"stat.pickup.minecraft.wooden_pickaxe":1,"stat.useItem.minecraft.furnace":4,"stat.useItem.minecraft.reeds":48,"stat.pickup.minecraft.birch_boat":2,"stat.pickup.minecraft.dye":25,"stat.pickup.minecraft.planks":254,"stat.pickup.minecraft.iron_leggings":1,"stat.pickup.minecraft.wheat_seeds":78,"stat.mineBlock.minecraft.gravel":33,"stat.useItem.minecraft.stone_pickaxe":315,"stat.breakItem.minecraft.stone_axe":2,"stat.craftItem.minecraft.iron_leggings":2,"stat.useItem.minecraft.enchanting_table":2,"stat.mineBlock.minecraft.dirt":213,"stat.drop.minecraft.reeds":80,"stat.pickup.minecraft.poisonous_potato":3,"stat.drop.minecraft.paper":20,"stat.pickup.minecraft.red_flower.0":264,"stat.useItem.minecraft.torch":344,"stat.useItem.minecraft.bread":7,"stat.drop.minecraft.rotten_flesh":11,"stat.craftItem.minecraft.stone_stairs":120,"stat.pickup.minecraft.crafting_table":2,"stat.useItem.minecraft.cobblestone":198,"stat.craftItem.minecraft.crafting_table":8,"stat.craftItem.minecraft.leather_boots":6,"stat.useItem.minecraft.gravel":1,"stat.mineBlock.minecraft.double_plant":2,"stat.craftItem.minecraft.boat":3,"stat.killEntity.LavaSlime":11,"stat.pickup.minecraft.log":225,"stat.drop.minecraft.stonebrick":3,"stat.pickup.minecraft.iron_pickaxe":2,"stat.drop.minecraft.carrot":2,"stat.craftItem.minecraft.gold_ingot":31,"stat.mineBlock.minecraft.stone.5":52,"stat.breakItem.minecraft.iron_helmet":1,"stat.mineBlock.minecraft.stone.3":25,"stat.mineBlock.minecraft.stone.1":102,"stat.mineBlock.minecraft.stone.0":1045,"stat.pickup.minecraft.sapling":1,"stat.pickup.minecraft.wooden_door":3,"stat.craftItem.minecraft.brewing_stand":1,"stat.breakItem.minecraft.stone_shovel":1,"stat.pickup.minecraft.beetroot":3,"stat.craftItem.minecraft.bucket":1,"stat.drop.minecraft.red_flower.0":264,"stat.craftItem.minecraft.planks":576,"stat.useItem.minecraft.iron_sword":35,"stat.itemEnchanted":5,"stat.pickup.minecraft.diamond_helmet":1,"stat.killEntity.WitherSkeleton":11,"stat.pickup.minecraft.stone_sword":2,"stat.useItem.minecraft.stonebrick":1,"stat.pickup.minecraft.book":3,"stat.mineBlock.minecraft.log":229,"stat.useItem.minecraft.stone_hoe":151,"stat.craftItem.minecraft.sugar":1,"stat.drop.minecraft.leather_leggings":1,"stat.craftItem.minecraft.paper":588,"stat.pickup.minecraft.red_flower":264,"stat.useItem.minecraft.beetroot_seeds":19,"stat.sneakTime":13738,"stat.pickup.minecraft.stone_slab":7,"stat.useItem.minecraft.brewing_stand":1,"stat.pickup.minecraft.chest":1,"stat.craftItem.minecraft.enchanting_table":1,"stat.drop.minecraft.stone_pickaxe":1,"stat.useItem.minecraft.mushroom_stew":36,"stat.pickup.minecraft.bone":33,"stat.horseOneCm":250015,"stat.drop.minecraft.beetroot":21,"stat.useItem.minecraft.iron_axe":278,"stat.mineBlock.minecraft.cobblestone":322,"stat.mineBlock.minecraft.pumpkin":4,"stat.pickup.minecraft.stone_pickaxe":1,"stat.drop.minecraft.red_mushroom":679,"stat.pickup.minecraft.flint":5,"stat.mineBlock.minecraft.brown_mushroom":2,"stat.useItem.minecraft.diamond_sword":484,"stat.swimOneCm":69541,"stat.pickup.minecraft.stone_slab.0":7,"stat.climbOneCm":46678,"stat.drop.minecraft.cobblestone":7,"stat.mineBlock.minecraft.tallgrass.1":95,"stat.breakItem.minecraft.iron_pickaxe":1,"stat.useItem.minecraft.dirt":882,"stat.pickup.minecraft.bow":1,"stat.pickup.minecraft.iron_boots":2,"stat.craftItem.minecraft.furnace":1,"stat.pickup.minecraft.stonebrick.0":4,"stat.pickup.minecraft.enchanting_table":1,"stat.craftItem.minecraft.iron_boots":1,"stat.craftItem.minecraft.stone_pickaxe":3,"stat.craftItem.minecraft.cooked_beef":184,"stat.mineBlock.minecraft.obsidian":10,"stat.pickup.minecraft.shears":1,"stat.pickup.minecraft.cobblestone":1348,"stat.useItem.minecraft.stone_shovel":135,"stat.flyOneCm":2020264,"stat.craftItem.minecraft.glass_bottle":3,"stat.pickup.minecraft.soul_sand":3,"stat.drop.minecraft.wheat_seeds":12,"stat.useItem.minecraft.cooked_beef":79,"stat.pickup.minecraft.redstone":222,"stat.mineBlock.minecraft.iron_ore":99,"stat.craftItem.minecraft.book":49,"stat.timeSinceDeath":96031,"stat.mineBlock.minecraft.leaves.8":1,"stat.drop.minecraft.spider_eye":3,"stat.pickup.minecraft.coal.0":172,"stat.useItem.minecraft.sapling.2":28,"stat.drop.minecraft.coal":31,"stat.useItem.minecraft.potato":32,"stat.pickup.minecraft.stonebrick":4,"stat.mineBlock.minecraft.enchanting_table":1,"stat.pickup.minecraft.iron_shovel":1,"stat.mineBlock.minecraft.coal_ore":98,"stat.mineBlock.minecraft.nether_brick":19,"stat.killEntity.Creeper":3,"stat.pickup.minecraft.shield":1,"stat.talkedToVillager":157,"stat.craftItem.minecraft.stone_hoe":1,"stat.pickup.minecraft.string":9,"stat.mineBlock.minecraft.grass":241,"stat.mineBlock.minecraft.ladder":3,"stat.pickup.minecraft.stone.1":101,"stat.pickup.minecraft.stone.5":47,"stat.pickup.minecraft.stone.3":25,"stat.sprintOneCm":1793164,"stat.pickup.minecraft.paper":84,"stat.craftItem.minecraft.stick":180,"stat.craftItem.minecraft.golden_apple.0":2,"stat.mineBlock.minecraft.diamond_ore":17,"stat.pickup.minecraft.grass":2,"stat.mineBlock.minecraft.crafting_table":2,"stat.drop.minecraft.leaves":1,"stat.useItem.minecraft.diamond_pickaxe":2084,"stat.useItem.minecraft.carrot":19,"stat.mineBlock.minecraft.double_plant.2":2,"stat.pickup.minecraft.diamond_chestplate":1,"stat.pickup.minecraft.leather_leggings":1,"stat.useItem.minecraft.bucket":25,"stat.mineBlock.minecraft.planks":189,"stat.drop":82,"stat.breakItem.minecraft.iron_shovel":1,"stat.pickup.minecraft.slime_ball":30,"stat.drop.minecraft.blaze_rod":1,"stat.drop.minecraft.iron_boots":1,"stat.craftItem.minecraft.emerald":54,"stat.craftItem.minecraft.diamond_pickaxe":2,"stat.pickup.minecraft.planks.2":54,"stat.pickup.minecraft.iron_block":92,"stat.pickup.minecraft.planks.0":200,"stat.killEntity.Zombie":43,"stat.mineBlock.minecraft.gold_ore":8,"stat.diveOneCm":15926,"stat.pickup.minecraft.wheat":38,"stat.craftItem.minecraft.piston":32,"stat.drop.minecraft.wooden_pickaxe":2,"stat.pickup.minecraft.gravel":29,"stat.useItem.minecraft.glass_bottle":3,"stat.killEntity.Slime":32,"stat.pickup.minecraft.obsidian":5,"stat.pickup.minecraft.diamond_sword":1,"stat.craftItem.minecraft.diamond_sword":1,"stat.jump":9176,"stat.pickup.minecraft.fence":15,"stat.pickup.minecraft.coal":172,"stat.pickup.minecraft.iron_ingot":57,"stat.craftItem.minecraft.birch_boat":2,"stat.useItem.minecraft.planks.0":17,"stat.useItem.minecraft.stone_axe":366,"stat.mineBlock.minecraft.observer":18,"stat.useItem.minecraft.piston":33,"stat.craftItem.minecraft.bread":6,"stat.pickup.minecraft.gunpowder":3,"stat.pickup.minecraft.spider_eye":5,"stat.craftItem.minecraft.torch":312,"stat.pickup.minecraft.dye.4":25,"stat.pickup.minecraft.dirt":553,"stat.craftItem.minecraft.iron_helmet":2,"stat.drop.minecraft.iron_shovel":1,"stat.craftItem.minecraft.fermented_spider_eye":1,"stat.pickup.minecraft.iron_ore":97,"stat.drop.minecraft.leaves.0":1,"stat.boatOneCm":93945,"stat.mineBlock.minecraft.iron_bars":2,"stat.pickup.minecraft.gold_ore":8,"stat.useItem.minecraft.sapling":28,"stat.mineBlock.minecraft.lapis_ore":5,"stat.pickup.minecraft.leaves":1,"stat.mineBlock.minecraft.planks.0":189,"stat.mineBlock.minecraft.glass_pane":23,"stat.mineBlock.minecraft.stone_stairs":10,"stat.brewingstandInteraction":11,"stat.damageTaken":6000,"stat.pickup.minecraft.leather":183,"stat.mineBlock.minecraft.furnace":2,"stat.mineBlock.minecraft.torch":10,"stat.useItem.minecraft.wooden_pickaxe":8,"stat.mineBlock.minecraft.mycelium":66,"stat.tradedWithVillager":56,"stat.pickup.minecraft.magma_cream":1,"stat.noteblockTuned":12,"stat.craftItem.minecraft.glowstone":3,"stat.pickup.minecraft.reeds":202,"stat.pickup.minecraft.potato":217,"stat.pickup.minecraft.oak_stairs":77,"stat.pickup.minecraft.diamond_axe":1,"stat.damageDealt":20114,"stat.craftItem.minecraft.glass":3,"stat.craftItem.minecraft.bowl":4,"stat.sleepInBed":4,"stat.killEntity.Cow":131,"stat.useItem.minecraft.crafting_table":10,"stat.craftItem.minecraft.iron_sword":2,"stat.mineBlock.minecraft.dirt.0":213,"stat.useItem.minecraft.stonebrick.0":1,"stat.pickup.minecraft.piston":1,"stat.pickup.minecraft.boat":1,"stat.craftItem.minecraft.stone_shovel":1,"stat.walkOneCm":854809,"stat.useItem.minecraft.chest":11,"stat.drop.minecraft.wheat":23,"stat.pickup.minecraft.stick":3,"stat.useItem.minecraft.observer":48,"stat.mineBlock.minecraft.sand.0":1,"stat.breakItem.minecraft.stone_pickaxe":2,"stat.drop.minecraft.diamond_axe":1,"stat.drop.minecraft.netherrack":128,"stat.pickup.minecraft.stone":173,"stat.craftItem.minecraft.iron_chestplate":1,"stat.drop.minecraft.potato":188,"stat.craftItem.minecraft.redstone":27,"stat.pickup.minecraft.ender_pearl":3,"stat.breakItem.minecraft.stone_hoe":1,"stat.pickup.minecraft.ladder":4,"stat.pickup.minecraft.cooked_beef":56,"stat.useItem.minecraft.netherrack":275,"stat.killEntity.Skeleton":9,"stat.craftItem.minecraft.bookshelf":17,"stat.killEntity.Spider":7,"stat.mineBlock.minecraft.quartz_ore":35,"stat.mineBlock.minecraft.glowstone":5,"stat.mobKills":279,"stat.pickup.minecraft.diamond_boots":1,"stat.mineBlock.minecraft.bookshelf":1,"stat.craftItem.minecraft.shears":2,"stat.pickup.minecraft.quartz":35,"stat.useItem.minecraft.boat":4,"stat.breakItem.minecraft.iron_axe":1,"stat.pickup.minecraft.diamond":28,"stat.mineBlock.minecraft.leaves":1,"stat.mineBlock.minecraft.piston":1,"stat.pickup.minecraft.torch":19,"stat.drop.minecraft.beef":177,"stat.pickup.minecraft.dirt.0":553,"stat.mineBlock.minecraft.stone":1224}