{"stat.chestOpened":16,"stat.leaveGame":4,"stat.pickup.minecraft.arrow":2,"stat.pickup.minecraft.stone_pickaxe":1,"stat.useItem.minecraft.rotten_flesh":1,"stat.jump":402,"stat.swimOneCm":15,"stat.fallOneCm":16180,"stat.climbOneCm":1787,"stat.mineBlock.minecraft.tallgrass.1":38,"stat.pickup.minecraft.carrot":2,"stat.useItem.minecraft.piston":1,"stat.crouchOneCm":1171,"stat.pickup.minecraft.dirt":2,"stat.craftingTableInteraction":1,"stat.pickup.minecraft.rotten_flesh":1,"stat.entityKilledBy.Spider":1,"stat.damageTaken":1632,"stat.craftItem.minecraft.stone_pickaxe":1,"stat.pickup.minecraft.cobblestone":61,"stat.noteblockTuned":1,"stat.pickup.minecraft.planks":62,"stat.flyOneCm":95154,"stat.pickup.minecraft.bed":1,"stat.pickup.minecraft.wheat_seeds":8,"stat.drop.minecraft.wheat_seeds":1,"stat.useItem.minecraft.stone_pickaxe":7,"stat.damageDealt":597,"stat.sleepInBed":4,"stat.timeSinceDeath":3368,"stat.hopperInspected":1,"stat.mineBlock.minecraft.dirt":1,"stat.mineBlock.minecraft.dirt.0":1,"stat.pickup.minecraft.piston":1,"stat.walkOneCm":26029,"stat.drop.minecraft.dirt.0":1,"stat.pickup.minecraft.stick":2,"stat.useItem.minecraft.bed.0":1,"stat.drop.minecraft.dirt":1,"stat.mineBlock.minecraft.double_plant":1,"stat.talkedToVillager":1,"stat.drop.minecraft.carrot":1,"stat.entityKilledBy.Skeleton":2,"stat.sprintOneCm":67112,"stat.craftItem.minecraft.stick":4,"stat.killEntity.Skeleton":1,"stat.useItem.minecraft.bed":1,"stat.mineBlock.minecraft.double_plant.2":1,"stat.mobKills":3,"stat.deaths":6,"stat.drop":3,"stat.playOneMinute":19202,"stat.mineBlock.minecraft.piston":1,"stat.pickup.minecraft.bed.0":1,"stat.sneakTime":295,"stat.pickup.minecraft.planks.0":62,"stat.killEntity.Zombie":1,"stat.pickup.minecraft.dirt.0":2,"stat.mineBlock.minecraft.tallgrass":38,"stat.diveOneCm":87}