{"stat.useItem.minecraft.bow":6,"stat.leaveGame":27,"stat.craftItem.minecraft.ender_eye":2,"stat.killEntity.PigZombie":1,"stat.craftItem.minecraft.stone_pressure_plate":1,"stat.entityKilledBy.PigZombie":1,"stat.drop.minecraft.coal_block":26,"stat.drop.minecraft.iron_sword":2,"stat.pickup.minecraft.rotten_flesh":251,"stat.useItem.minecraft.vine":2,"stat.useItem.minecraft.birch_boat":5,"stat.pickup.minecraft.cobblestone_wall":4,"stat.pickup.minecraft.bucket":20,"stat.useItem.minecraft.rail":5,"stat.killEntity.Enderman":1,"stat.craftItem.minecraft.iron_shovel":5,"stat.pickup.minecraft.brown_mushroom":29,"stat.killEntity.Witch":1,"stat.drop.minecraft.sand":2,"stat.killEntity.MushroomCow":3,"stat.useItem.minecraft.iron_pickaxe":2455,"stat.craftItem.minecraft.wooden_pickaxe":1,"stat.craftItem.minecraft.iron_door":3,"stat.useItem.minecraft.iron_shovel":600,"stat.pickup.minecraft.double_plant":5,"stat.craftItem.minecraft.bed":4,"stat.mineBlock.minecraft.vine":19,"stat.pickup.minecraft.sapling.0":35,"stat.mineBlock.minecraft.sticky_piston":21,"stat.furnaceInteraction":274,"stat.drop.minecraft.gravel":1,"stat.killEntity.ZombieVillager":2,"stat.pickup.minecraft.nether_brick":126,"stat.entityKilledBy.WitherSkeleton":4,"stat.drop.minecraft.red_flower":6,"stat.pickup.minecraft.sand.0":3,"stat.pickup.minecraft.beef":949,"stat.pickup.minecraft.leather_helmet":2,"stat.drop.minecraft.wool.0":2,"stat.pickup.minecraft.cauldron":3,"stat.useItem.minecraft.trapdoor":3,"stat.pickup.minecraft.cobblestone_wall.0":4,"stat.mineBlock.minecraft.log.0":221,"stat.useItem.minecraft.cauldron":2,"stat.useItem.minecraft.flint_and_steel":44,"stat.drop.minecraft.planks.1":1,"stat.drop.minecraft.planks.0":4,"stat.useItem.minecraft.beef":13,"stat.pickup.minecraft.lever":26,"stat.deaths":102,"stat.pickup.minecraft.bowl":25,"stat.pickup.minecraft.egg":4,"stat.useItem.minecraft.nether_brick":1,"stat.craftItem.minecraft.iron_pickaxe":12,"stat.drop.minecraft.iron_ingot":43,"stat.drop.minecraft.torch":2,"stat.mineBlock.minecraft.tallgrass":502,"stat.fishCaught":3,"stat.drop.minecraft.coal.0":131,"stat.chestOpened":908,"stat.useItem.minecraft.log.0":3,"stat.craftItem.minecraft.sign":9,"stat.useItem.minecraft.stone":118,"stat.pickup.minecraft.leaves.0":1,"stat.pickup.minecraft.iron_sword":29,"stat.pickup.minecraft.arrow":69,"stat.killEntity.Ghast":1,"stat.useItem.minecraft.grass":1,"stat.pickup.minecraft.gold_nugget":1,"stat.mineBlock.minecraft.stone_slab.3":4,"stat.mineBlock.minecraft.stone_slab.8":2,"stat.pickup.minecraft.carrot":271,"stat.mineBlock.minecraft.stone_slab.0":3,"stat.crouchOneCm":477948,"stat.mineBlock.minecraft.chest":1,"stat.pickup.minecraft.rail":23,"stat.craftItem.minecraft.planks.0":520,"stat.craftItem.minecraft.iron_ingot":274,"stat.craftItem.minecraft.hopper":10,"stat.drop.minecraft.slime_ball":100,"stat.craftingTableInteraction":330,"stat.pickup.minecraft.repeater":1,"stat.pickup.minecraft.mushroom_stew":62,"stat.pickup.minecraft.wooden_pickaxe":11,"stat.drop.minecraft.double_plant":1,"stat.useItem.minecraft.reeds":6,"stat.pickup.minecraft.birch_boat":7,"stat.pickup.minecraft.dye":510,"stat.pickup.minecraft.planks":302,"stat.drop.minecraft.minecart":1,"stat.pickup.minecraft.wheat_seeds":73,"stat.mineBlock.minecraft.glass":3,"stat.mineBlock.minecraft.dirt":204,"stat.pickup.minecraft.poisonous_potato":1,"stat.drop.minecraft.rotten_flesh":116,"stat.drop.minecraft.porkchop":1,"stat.useItem.minecraft.cobblestone":830,"stat.useItem.minecraft.gravel":23,"stat.mineBlock.minecraft.double_plant":9,"stat.minecartOneCm":143037,"stat.pickup.minecraft.iron_pickaxe":43,"stat.drop.minecraft.iron_ore":80,"stat.drop.minecraft.carrot":16,"stat.mineBlock.minecraft.stone.5":227,"stat.pickup.minecraft.hopper":7,"stat.mineBlock.minecraft.stone.3":178,"stat.drop.minecraft.gold_nugget":1,"stat.mineBlock.minecraft.stone.1":125,"stat.mineBlock.minecraft.stone.0":2765,"stat.drop.minecraft.wool.15":1,"stat.pickup.minecraft.apple":2,"stat.craftItem.minecraft.bucket":4,"stat.useItem.minecraft.iron_sword":617,"stat.craftItem.minecraft.planks":520,"stat.itemEnchanted":1,"stat.craftItem.minecraft.fishing_rod":3,"stat.pickup.minecraft.stone_sword":109,"stat.useItem.minecraft.stonebrick":116,"stat.mineBlock.minecraft.log":221,"stat.mineBlock.minecraft.sapling.0":1,"stat.pickup.minecraft.iron_door":3,"stat.drop.minecraft.tallgrass.1":1,"stat.pickup.minecraft.red_flower":16,"stat.pickup.minecraft.wool":28,"stat.pickup.minecraft.cooked_fish":12,"stat.useItem.minecraft.wooden_axe":11,"stat.pickup.minecraft.tripwire_hook":3,"stat.drop.minecraft.observer":1,"stat.useItem.minecraft.iron_axe":56,"stat.drop.minecraft.stone_shovel":1,"stat.mineBlock.minecraft.cobblestone":295,"stat.mineBlock.minecraft.pumpkin":1,"stat.pickup.minecraft.stone_pickaxe":13,"stat.pickup.minecraft.flint":12,"stat.entityKilledBy.Witch":2,"stat.pickup.minecraft.leather_chestplate":3,"stat.drop.minecraft.saddle":1,"stat.useItem.minecraft.snow":1,"stat.pickup.minecraft.stone_slab.0":14,"stat.pickup.minecraft.enchanted_book":12,"stat.drop.minecraft.cobblestone":277,"stat.pickup.minecraft.stone_slab.3":9,"stat.breakItem.minecraft.iron_pickaxe":8,"stat.useItem.minecraft.obsidian":42,"stat.pickup.minecraft.sticky_piston":25,"stat.pickup.minecraft.bow":15,"stat.pickup.minecraft.iron_boots":12,"stat.craftItem.minecraft.furnace":3,"stat.mineBlock.minecraft.detector_rail":1,"stat.pickup.minecraft.stonebrick.0":89,"stat.useItem.minecraft.egg":2,"stat.craftItem.minecraft.iron_boots":3,"stat.craftItem.minecraft.cooked_beef":192,"stat.mineBlock.minecraft.obsidian":52,"stat.pickup.minecraft.shears":23,"stat.mineBlock.minecraft.leaves.0":20,"stat.flyOneCm":3542931,"stat.timeSinceDeath":229980,"stat.mineBlock.minecraft.leaves.8":44,"stat.drop.minecraft.spider_eye":5,"stat.useItem.minecraft.iron_door":2,"stat.craftItem.minecraft.iron_block":2,"stat.pickup.minecraft.coal.0":574,"stat.killEntity.Bat":1,"stat.craftItem.minecraft.stonebrick":64,"stat.breakItem.minecraft.diamond_pickaxe":1,"stat.useItem.minecraft.potato":2,"stat.pickup.minecraft.chainmail_helmet":3,"stat.useItem.minecraft.bed.0":5,"stat.pickup.minecraft.skull.1":3,"stat.mineBlock.minecraft.coal_ore":342,"stat.drop.minecraft.wool":3,"stat.killEntity.Creeper":5,"stat.pickup.minecraft.shield":1,"stat.talkedToVillager":20,"stat.mineBlock.minecraft.red_mushroom_block":2,"stat.pickup.minecraft.string":70,"stat.mineBlock.minecraft.ladder":2,"stat.entityKilledBy.Skeleton":12,"stat.killEntity.Squid":15,"stat.sprintOneCm":2305624,"stat.mineBlock.minecraft.stone_slab":11,"stat.drop.minecraft.leather":1,"stat.craftItem.minecraft.wooden_axe":1,"stat.mineBlock.minecraft.diamond_ore":25,"stat.pickup.minecraft.tallgrass.1":1,"stat.pickup.minecraft.vine":17,"stat.breakItem.minecraft.iron_shovel":3,"stat.pickup.minecraft.bed.0":2,"stat.entityKilledBy.Slime":3,"stat.drop.minecraft.golden_rail":579,"stat.useItem.minecraft.ladder":5,"stat.pickup.minecraft.planks.2":18,"stat.pickup.minecraft.planks.1":1,"stat.pickup.minecraft.planks.0":283,"stat.killEntity.Zombie":57,"stat.craftItem.minecraft.diamond_axe":1,"stat.mineBlock.minecraft.gold_ore":41,"stat.diveOneCm":3613210,"stat.drop.minecraft.diamond_pickaxe":6,"stat.drop.minecraft.stone_stairs":1,"stat.useItem.minecraft.sticky_piston":22,"stat.craftItem.minecraft.ladder":3,"stat.drop.minecraft.ladder":3,"stat.pickup.minecraft.obsidian":71,"stat.useItem.minecraft.rotten_flesh":12,"stat.jump":20329,"stat.useItem.minecraft.sand":1,"stat.pickup.minecraft.coal":574,"stat.pickup.minecraft.iron_ingot":442,"stat.useItem.minecraft.planks.2":2,"stat.useItem.minecraft.planks.0":8,"stat.mineBlock.minecraft.stonebrick.0":73,"stat.craftItem.minecraft.lever":28,"stat.mineBlock.minecraft.observer":2,"stat.pickup.minecraft.gunpowder":30,"stat.craftItem.minecraft.torch":56,"stat.pickup.minecraft.dirt":1153,"stat.useItem.minecraft.glass":1,"stat.pickup.minecraft.stone_shovel":5,"stat.drop.minecraft.leaves.0":1,"stat.pickup.minecraft.gold_ore":232,"stat.useItem.minecraft.sapling":56,"stat.mineBlock.minecraft.lapis_ore":6,"stat.mineBlock.minecraft.planks.2":2,"stat.pickup.minecraft.iron_axe":10,"stat.mineBlock.minecraft.planks.0":18,"stat.mineBlock.minecraft.planks.1":1,"stat.damageTaken":57718,"stat.mineBlock.minecraft.torch":11,"stat.mineBlock.minecraft.sapling":1,"stat.noteblockTuned":1,"stat.entityKilledBy.ZombieVillager":1,"stat.useItem.minecraft.slime":4,"stat.pickup.minecraft.bed":2,"stat.pickup.minecraft.potato":13,"stat.entityKilledBy.Zombie":23,"stat.pickup.minecraft.diamond_axe":8,"stat.craftItem.minecraft.stone_slab":12,"stat.useItem.minecraft.chest":6,"stat.pickup.minecraft.diamond_pickaxe":56,"stat.useItem.minecraft.observer":2,"stat.useItem.minecraft.tnt":3,"stat.useItem.minecraft.lava_bucket":1,"stat.drop.minecraft.stone.5":8,"stat.drop.minecraft.stone.3":14,"stat.drop.minecraft.netherrack":27,"stat.drop.minecraft.stone_slab.3":1,"stat.craftItem.minecraft.iron_chestplate":3,"stat.drop.minecraft.potato":10,"stat.pickup.minecraft.ender_pearl":3,"stat.pickup.minecraft.cooked_beef":518,"stat.pickup.minecraft.ladder":8,"stat.useItem.minecraft.netherrack":387,"stat.useItem.minecraft.tripwire_hook":5,"stat.mineBlock.minecraft.stonebrick":73,"stat.mobKills":472,"stat.craftItem.minecraft.shears":3,"stat.useItem.minecraft.boat":13,"stat.useItem.minecraft.cobblestone_wall":1,"stat.pickup.minecraft.diamond":87,"stat.breakItem.minecraft.chainmail_helmet":1,"stat.pickup.minecraft.torch":241,"stat.useItem.minecraft.string":6,"stat.drop.minecraft.mutton":3,"stat.drop.minecraft.waterlily":63,"stat.craftItem.minecraft.cooked_fish.0":10,"stat.craftItem.minecraft.iron_axe":4,"stat.craftItem.minecraft.bed.0":4,"stat.pickup.minecraft.fishing_rod":1,"stat.pickup.minecraft.double_plant.4":5,"stat.useItem.minecraft.planks":10,"stat.pickup.minecraft.golden_boots":1,"stat.drop.minecraft.bowl":51,"stat.pickup.minecraft.porkchop":2,"stat.pickup.minecraft.glass":90,"stat.useItem.minecraft.water_bucket":16,"stat.pickup.minecraft.sand":3,"stat.pickup.minecraft.cooked_fish.0":12,"stat.mineBlock.minecraft.cobblestone_wall.0":1,"stat.pickup.minecraft.name_tag":28,"stat.pickup.minecraft.observer":3,"stat.craftItem.minecraft.stone_sword":20,"stat.useItem.minecraft.brown_mushroom":4,"stat.mineBlock.minecraft.sand":3,"stat.craftItem.minecraft.cooked_fish":10,"stat.craftItem.minecraft.slime":1,"stat.pickup.minecraft.log.0":1131,"stat.craftItem.minecraft.blaze_powder":2,"stat.hopperInspected":435,"stat.pickup.minecraft.log.2":13,"stat.drop.minecraft.diamond":3,"stat.craftItem.minecraft.stone.0":120,"stat.mineBlock.minecraft.stone_slab.11":2,"stat.drop.minecraft.stone_slab":1,"stat.useItem.minecraft.minecart":22,"stat.pickup.minecraft.furnace":18,"stat.useItem.minecraft.redstone":2,"stat.useItem.minecraft.dirt.0":212,"stat.drop.minecraft.fishing_rod":6,"stat.pickup.minecraft.iron_chestplate":11,"stat.pickup.minecraft.skull":3,"stat.useItem.minecraft.stone_stairs":6,"stat.killEntity.Horse":1,"stat.pickup.minecraft.stone_stairs":6,"stat.pickup.minecraft.pumpkin_seeds":8,"stat.useItem.minecraft.hopper":3,"stat.pickup.minecraft.saddle":1,"stat.mineBlock.minecraft.soul_sand":446,"stat.mineBlock.minecraft.oak_stairs":1,"stat.playOneMinute":3119492,"stat.pickup.minecraft.blaze_rod":1,"stat.drop.minecraft.string":10,"stat.useItem.minecraft.shears":17,"stat.drop.minecraft.chest":1,"stat.pickup.minecraft.netherrack":2337,"stat.pickup.minecraft.pumpkin":2,"stat.mineBlock.minecraft.netherrack":1155,"stat.pickup.minecraft.waterlily":79,"stat.drop.minecraft.flint":1,"stat.pickup.minecraft.detector_rail":16,"stat.fallOneCm":784080,"stat.drop.minecraft.stone":22,"stat.useItem.minecraft.stone.5":53,"stat.useItem.minecraft.stone.3":43,"stat.useItem.minecraft.stone.0":2,"stat.craftItem.minecraft.chest":18,"stat.useItem.minecraft.stone.1":20,"stat.mineBlock.minecraft.lever":4,"stat.pickup.minecraft.red_mushroom":1964,"stat.pickup.minecraft.golden_leggings":1,"stat.useItem.minecraft.cobblestone_wall.0":1,"stat.dropperInspected":7,"stat.useItem.minecraft.golden_rail":4340,"stat.drop.minecraft.bone":2,"stat.useItem.minecraft.furnace":7,"stat.pickup.minecraft.slime":2,"stat.pickup.minecraft.iron_leggings":11,"stat.mineBlock.minecraft.gravel":59,"stat.useItem.minecraft.stone_pickaxe":132,"stat.craftItem.minecraft.iron_leggings":3,"stat.useItem.minecraft.stone_sword":279,"stat.useItem.minecraft.stone_slab.3":12,"stat.useItem.minecraft.stone_slab.0":13,"stat.drop.minecraft.reeds":6,"stat.pickup.minecraft.chainmail_boots":10,"stat.drop.minecraft.stick":1,"stat.pickup.minecraft.flint_and_steel":16,"stat.pickup.minecraft.red_flower.0":15,"stat.useItem.minecraft.torch":64,"stat.pickup.minecraft.red_flower.3":1,"stat.craftItem.minecraft.redstone_block":46,"stat.craftItem.minecraft.stone_stairs":4,"stat.pickup.minecraft.crafting_table":33,"stat.useItem.minecraft.log":3,"stat.drop.minecraft.tallgrass":1,"stat.craftItem.minecraft.crafting_table":4,"stat.craftItem.minecraft.boat":7,"stat.pickup.minecraft.log":1144,"stat.useItem.minecraft.cooked_fish":16,"stat.mineBlock.minecraft.golden_rail":42,"stat.pickup.minecraft.tallgrass":1,"stat.drop.minecraft.planks":5,"stat.pickup.minecraft.sapling":35,"stat.drop.minecraft.bow":1,"stat.drop.minecraft.red_flower.0":5,"stat.drop.minecraft.red_flower.3":1,"stat.killEntity.WitherSkeleton":4,"stat.sneakTime":194339,"stat.mineBlock.minecraft.cobblestone_wall":1,"stat.useItem.minecraft.baked_potato":1,"stat.pickup.minecraft.stone_slab":23,"stat.pickup.minecraft.golden_rail":7064,"stat.drop.minecraft.wooden_axe":2,"stat.useItem.minecraft.fishing_rod":84,"stat.pickup.minecraft.chest":4,"stat.drop.minecraft.stone_pickaxe":2,"stat.pickup.minecraft.wool.7":8,"stat.pickup.minecraft.bone":73,"stat.useItem.minecraft.mushroom_stew":75,"stat.pickup.minecraft.wool.0":16,"stat.pickup.minecraft.redstone_torch":3,"stat.horseOneCm":32548,"stat.pickup.minecraft.wool.8":3,"stat.mineBlock.minecraft.slime":2,"stat.mineBlock.minecraft.brown_mushroom":7,"stat.useItem.minecraft.diamond_sword":10,"stat.drop.minecraft.sand.0":2,"stat.swimOneCm":597932,"stat.climbOneCm":454984,"stat.mineBlock.minecraft.tallgrass.1":502,"stat.drop.minecraft.brown_mushroom":4,"stat.useItem.minecraft.dirt":212,"stat.useItem.minecraft.iron_ore":1,"stat.useItem.minecraft.detector_rail":10,"stat.craftItem.minecraft.trapdoor":2,"stat.craftItem.minecraft.stone_pickaxe":1,"stat.pickup.minecraft.cobblestone":6837,"stat.useItem.minecraft.stone_shovel":47,"stat.pickup.minecraft.soul_sand":698,"stat.drop.minecraft.double_plant.4":1,"stat.drop.minecraft.wheat_seeds":45,"stat.useItem.minecraft.cooked_beef":110,"stat.pickup.minecraft.redstone":1483,"stat.mineBlock.minecraft.iron_ore":238,"stat.useItem.minecraft.sign":9,"stat.pickup.minecraft.mutton":64,"stat.drop.minecraft.coal":131,"stat.useItem.minecraft.sapling.0":56,"stat.useItem.minecraft.lever":17,"stat.pickup.minecraft.wooden_axe":5,"stat.craftItem.minecraft.stonebrick.0":64,"stat.pickup.minecraft.stonebrick":89,"stat.pickup.minecraft.wool.15":1,"stat.drop.minecraft.dirt":128,"stat.pickup.minecraft.iron_shovel":20,"stat.pickup.minecraft.trapdoor":3,"stat.mineBlock.minecraft.nether_brick":25,"stat.useItem.minecraft.chest_minecart":1,"stat.mineBlock.minecraft.grass":27,"stat.pickup.minecraft.stone.0":41,"stat.pickup.minecraft.stone.1":567,"stat.pickup.minecraft.stone.5":941,"stat.pickup.minecraft.stone.3":539,"stat.craftItem.minecraft.chest_minecart":1,"stat.craftItem.minecraft.stick":152,"stat.useItem.minecraft.stone_slab":25,"stat.useItem.minecraft.bed":5,"stat.craftItem.minecraft.stone":120,"stat.pickup.minecraft.grass":1,"stat.mineBlock.minecraft.crafting_table":11,"stat.useItem.minecraft.stone_pressure_plate":1,"stat.drop.minecraft.leaves":1,"stat.useItem.minecraft.diamond_pickaxe":3720,"stat.mineBlock.minecraft.double_plant.2":8,"stat.useItem.minecraft.carrot":46,"stat.mineBlock.minecraft.double_plant.4":1,"stat.useItem.minecraft.bucket":17,"stat.entityKilledBy.Creeper":5,"stat.mineBlock.minecraft.planks":21,"stat.drop":347,"stat.killEntity.Sheep":24,"stat.craftItem.minecraft.stone_slab.3":6,"stat.pickup.minecraft.slime_ball":267,"stat.drop.minecraft.blaze_rod":1,"stat.craftItem.minecraft.stone_slab.0":6,"stat.craftItem.minecraft.diamond_pickaxe":8,"stat.useItem.minecraft.cooked_fish.0":16,"stat.craftItem.minecraft.piston":1,"stat.pickup.minecraft.gravel":130,"stat.drop.minecraft.cooked_beef":49,"stat.killEntity.Slime":226,"stat.useItem.minecraft.diamond_axe":213,"stat.useItem.minecraft.waterlily":4,"stat.useItem.minecraft.apple":2,"stat.useItem.minecraft.porkchop":1,"stat.pickup.minecraft.iron_helmet":20,"stat.craftItem.minecraft.birch_boat":1,"stat.useItem.minecraft.piston":3,"stat.pickup.minecraft.dye.0":92,"stat.pickup.minecraft.spider_eye":19,"stat.pickup.minecraft.dye.4":418,"stat.craftItem.minecraft.iron_helmet":3,"stat.drop.minecraft.piston":1,"stat.craftItem.minecraft.rail":16,"stat.pickup.minecraft.iron_ore":439,"stat.boatOneCm":1212027,"stat.craftItem.minecraft.flint_and_steel":3,"stat.pickup.minecraft.leaves":1,"stat.mineBlock.minecraft.stone_stairs":5,"stat.pickup.minecraft.leather":593,"stat.mineBlock.minecraft.furnace":1,"stat.useItem.minecraft.wooden_pickaxe":16,"stat.mineBlock.minecraft.mycelium":80,"stat.pickup.minecraft.reeds":48,"stat.pickup.minecraft.oak_stairs":6,"stat.damageDealt":34087,"stat.craftItem.minecraft.glass":46,"stat.sleepInBed":27,"stat.craftItem.minecraft.bowl":72,"stat.craftItem.minecraft.baked_potato":16,"stat.killEntity.Cow":100,"stat.useItem.minecraft.crafting_table":13,"stat.pickup.minecraft.minecart":28,"stat.killEntity.Pig":1,"stat.craftItem.minecraft.iron_sword":3,"stat.mineBlock.minecraft.dirt.0":204,"stat.useItem.minecraft.stonebrick.0":116,"stat.pickup.minecraft.piston":11,"stat.craftItem.minecraft.stone_shovel":1,"stat.pickup.minecraft.boat":12,"stat.walkOneCm":1601526,"stat.drop.minecraft.dirt.0":128,"stat.playerKills":5,"stat.pickup.minecraft.stick":166,"stat.drop.minecraft.vine":6,"stat.mineBlock.minecraft.sand.0":3,"stat.drop.minecraft.iron_block":2,"stat.pickup.minecraft.tnt":3,"stat.pickup.minecraft.stone":2088,"stat.craftItem.minecraft.minecart":2,"stat.killEntity.Skeleton":12,"stat.useItem.minecraft.sand.0":1,"stat.mineBlock.minecraft.redstone_torch":1,"stat.killEntity.Spider":10,"stat.mineBlock.minecraft.quartz_ore":361,"stat.pickup.minecraft.quartz":645,"stat.mineBlock.minecraft.leaves":64,"stat.mineBlock.minecraft.piston":2,"stat.craftItem.minecraft.coal_block":21,"stat.craftItem.minecraft.tripwire_hook":2,"stat.pickup.minecraft.dirt.0":1153,"stat.mineBlock.minecraft.stone":3295}