{"stat.useItem.minecraft.bow":3,"stat.pickup.minecraft.wooden_slab":14,"stat.leaveGame":54,"stat.drop.minecraft.redstone":111,"stat.craftItem.minecraft.shield":13,"stat.craftItem.minecraft.stone_pressure_plate":2,"stat.drop.minecraft.iron_sword":6,"stat.pickup.minecraft.rotten_flesh":258,"stat.craftItem.minecraft.stone_axe":3,"stat.useItem.minecraft.vine":1,"stat.craftItem.minecraft.noteblock":1,"stat.useItem.minecraft.birch_boat":5,"stat.pickup.minecraft.cobblestone_wall":11,"stat.pickup.minecraft.bucket":15,"stat.useItem.minecraft.rail":11,"stat.killEntity.Enderman":10,"stat.mineBlock.minecraft.wooden_slab":22,"stat.pickup.minecraft.leather_boots":4,"stat.useItem.minecraft.anvil":4,"stat.craftItem.minecraft.iron_shovel":11,"stat.pickup.minecraft.brown_mushroom":5,"stat.killEntity.Witch":1,"stat.killEntity.MushroomCow":9,"stat.killEntity.Villager":9,"stat.drop.minecraft.tnt":3,"stat.useItem.minecraft.spider_eye":1,"stat.useItem.minecraft.iron_pickaxe":1929,"stat.craftItem.minecraft.wooden_pickaxe":2,"stat.useItem.minecraft.iron_shovel":2562,"stat.craftItem.minecraft.anvil.0":3,"stat.pickup.minecraft.sapling.2":63,"stat.drop.minecraft.diamond_chestplate":1,"stat.pickup.minecraft.sapling.0":243,"stat.mineBlock.minecraft.vine":6,"stat.mineBlock.minecraft.hopper":19,"stat.mineBlock.minecraft.sticky_piston":29,"stat.furnaceInteraction":647,"stat.drop.minecraft.gravel":7,"stat.mineBlock.minecraft.rail":9,"stat.useItem.minecraft.pumpkin_seeds":74,"stat.killEntity.ZombieVillager":10,"stat.pickup.minecraft.nether_brick":24,"stat.noteblockPlayed":2,"stat.useItem.minecraft.anvil.0":4,"stat.drop.minecraft.red_flower":44,"stat.pickup.minecraft.sand.0":670,"stat.pickup.minecraft.beef":155,"stat.mineBlock.minecraft.log.2":412,"stat.mineBlock.minecraft.log.4":40,"stat.pickup.minecraft.leather_helmet":1,"stat.mineBlock.minecraft.log.8":49,"stat.pickup.minecraft.cobblestone_wall.0":11,"stat.mineBlock.minecraft.log.0":1325,"stat.drop.minecraft.furnace":1,"stat.mineBlock.minecraft.fence":41,"stat.useItem.minecraft.wheat_seeds":36,"stat.drop.minecraft.cooked_fish":6,"stat.craftItem.minecraft.dropper":13,"stat.drop.minecraft.planks.2":51,"stat.pickup.minecraft.emerald":2,"stat.useItem.minecraft.dye":39,"stat.drop.minecraft.planks.0":16,"stat.pickup.minecraft.lever":116,"stat.deaths":29,"stat.pickup.minecraft.bowl":7,"stat.pickup.minecraft.egg":12,"stat.craftItem.minecraft.iron_pickaxe":12,"stat.drop.minecraft.iron_ingot":44,"stat.craftItem.minecraft.repeater":169,"stat.drop.minecraft.torch":64,"stat.mineBlock.minecraft.tallgrass":601,"stat.drop.minecraft.coal.0":35,"stat.chestOpened":1460,"stat.useItem.minecraft.log.0":13,"stat.craftItem.minecraft.wooden_slab.2":66,"stat.craftItem.minecraft.sign":3,"stat.useItem.minecraft.stone":985,"stat.pickup.minecraft.leaves.0":8,"stat.pickup.minecraft.iron_sword":9,"stat.pickup.minecraft.arrow":41,"stat.useItem.minecraft.log.2":6,"stat.pickup.minecraft.wooden_pressure_plate":4,"stat.craftItem.minecraft.wooden_slab.0":12,"stat.craftItem.minecraft.coal":810,"stat.drop.minecraft.iron_pickaxe":2,"stat.mineBlock.minecraft.stone_slab.3":2,"stat.pickup.minecraft.carrot":235,"stat.mineBlock.minecraft.stone_slab.0":33,"stat.crouchOneCm":856448,"stat.mineBlock.minecraft.chest":20,"stat.pickup.minecraft.rail":23,"stat.craftItem.minecraft.planks.0":5732,"stat.craftItem.minecraft.iron_ingot":674,"stat.craftItem.minecraft.planks.2":1184,"stat.craftItem.minecraft.hopper":37,"stat.drop.minecraft.slime_ball":4,"stat.craftingTableInteraction":13178,"stat.mineBlock.minecraft.wooden_pressure_plate":3,"stat.pickup.minecraft.repeater":80,"stat.pickup.minecraft.mushroom_stew":4,"stat.pickup.minecraft.wooden_pickaxe":2,"stat.pickup.minecraft.birch_boat":4,"stat.pickup.minecraft.dye":327,"stat.pickup.minecraft.planks":2540,"stat.drop.minecraft.minecart":5,"stat.craftItem.minecraft.diamond_shovel":2,"stat.pickup.minecraft.wheat_seeds":207,"stat.drop.minecraft.snow":2852,"stat.mineBlock.minecraft.glass":50,"stat.mineBlock.minecraft.dirt":2355,"stat.pickup.minecraft.poisonous_potato":7,"stat.drop.minecraft.rotten_flesh":34,"stat.useItem.minecraft.cobblestone":2168,"stat.craftItem.minecraft.dye.15":39,"stat.useItem.minecraft.gravel":5,"stat.craftItem.minecraft.cobblestone_wall.0":6,"stat.mineBlock.minecraft.double_plant":13,"stat.minecartOneCm":275386,"stat.useItem.minecraft.golden_hoe":33,"stat.pickup.minecraft.iron_pickaxe":10,"stat.drop.minecraft.iron_ore":6,"stat.drop.minecraft.carrot":24,"stat.craftItem.minecraft.gold_ingot":124,"stat.mineBlock.minecraft.stone.5":728,"stat.pickup.minecraft.hopper":18,"stat.drop.minecraft.sapling":4,"stat.mineBlock.minecraft.stone.3":983,"stat.mineBlock.minecraft.stone.1":874,"stat.mineBlock.minecraft.stone.0":9274,"stat.pickup.minecraft.apple":32,"stat.breakItem.minecraft.stone_shovel":36,"stat.pickup.minecraft.coal_block":26,"stat.craftItem.minecraft.bucket":6,"stat.craftItem.minecraft.planks":6916,"stat.useItem.minecraft.iron_sword":245,"stat.itemEnchanted":5,"stat.useItem.minecraft.stonebrick":1,"stat.mineBlock.minecraft.log":1826,"stat.craftItem.minecraft.wooden_door":678,"stat.pickup.minecraft.wooden_slab.2":11,"stat.pickup.minecraft.wooden_slab.0":3,"stat.useItem.minecraft.wooden_door":623,"stat.craftItem.minecraft.paper":591,"stat.pickup.minecraft.red_flower":27,"stat.pickup.minecraft.cooked_fish":189,"stat.craftItem.minecraft.trapped_chest":6,"stat.pickup.minecraft.tripwire_hook":20,"stat.useItem.minecraft.iron_axe":1373,"stat.drop.minecraft.stone_shovel":2,"stat.mineBlock.minecraft.cobblestone":1280,"stat.mineBlock.minecraft.pumpkin":400,"stat.pickup.minecraft.flint":14,"stat.mineBlock.minecraft.yellow_flower":1,"stat.pickup.minecraft.leather_chestplate":1,"stat.useItem.minecraft.snow":3,"stat.pickup.minecraft.stone_slab.0":275,"stat.drop.minecraft.cobblestone":969,"stat.pickup.minecraft.stone_slab.3":279,"stat.breakItem.minecraft.iron_pickaxe":4,"stat.mineBlock.minecraft.dropper":7,"stat.pickup.minecraft.sticky_piston":30,"stat.pickup.minecraft.bow":3,"stat.pickup.minecraft.iron_boots":7,"stat.pickup.minecraft.stone_hoe":10,"stat.craftItem.minecraft.furnace":44,"stat.craftItem.minecraft.lapis_block":24,"stat.mineBlock.minecraft.detector_rail":1,"stat.pickup.minecraft.stonebrick.0":1,"stat.useItem.minecraft.egg":7,"stat.craftItem.minecraft.iron_boots":2,"stat.craftItem.minecraft.cooked_beef":251,"stat.mineBlock.minecraft.obsidian":6,"stat.pickup.minecraft.shears":3,"stat.craftItem.minecraft.bow":1,"stat.mineBlock.minecraft.lit_pumpkin":43,"stat.mineBlock.minecraft.clay":5,"stat.mineBlock.minecraft.leaves.0":47,"stat.flyOneCm":5189094,"stat.drop.minecraft.iron_helmet":4,"stat.drop.minecraft.heavy_weighted_pressure_plate":5,"stat.pickup.minecraft.fish":63,"stat.timeSinceDeath":46748,"stat.drop.minecraft.sapling.0":4,"stat.mineBlock.minecraft.leaves.8":380,"stat.useItem.minecraft.wooden_slab":29,"stat.drop.minecraft.spider_eye":1,"stat.mineBlock.minecraft.leaves.4":2,"stat.craftItem.minecraft.iron_block":926,"stat.pickup.minecraft.coal.0":2338,"stat.killEntity.Bat":1,"stat.mineBlock.minecraft.red_flower.8":1,"stat.breakItem.minecraft.diamond_pickaxe":1,"stat.useItem.minecraft.potato":147,"stat.useItem.minecraft.bed.0":14,"stat.mineBlock.minecraft.coal_ore":1534,"stat.killEntity.Creeper":22,"stat.pickup.minecraft.shield":20,"stat.talkedToVillager":120,"stat.craftItem.minecraft.stone_hoe":5,"stat.mineBlock.minecraft.red_mushroom_block":1,"stat.pickup.minecraft.string":56,"stat.mineBlock.minecraft.ladder":2,"stat.entityKilledBy.Skeleton":3,"stat.useItem.minecraft.dropper":20,"stat.sprintOneCm":4503077,"stat.useItem.minecraft.diamond_shovel":2885,"stat.mineBlock.minecraft.stone_slab":63,"stat.craftItem.minecraft.wooden_axe":1,"stat.craftItem.minecraft.golden_apple.0":3,"stat.drop.minecraft.stone_hoe":2,"stat.mineBlock.minecraft.diamond_ore":29,"stat.useItem.minecraft.snowball":10,"stat.useItem.minecraft.golden_apple.0":3,"stat.pickup.minecraft.leather_leggings":1,"stat.drop.minecraft.cobblestone_wall":12,"stat.pickup.minecraft.vine":6,"stat.breakItem.minecraft.iron_shovel":10,"stat.pickup.minecraft.bed.0":17,"stat.drop.minecraft.golden_rail":226,"stat.entityKilledBy.Slime":1,"stat.useItem.minecraft.ladder":138,"stat.craftItem.minecraft.emerald":70,"stat.pickup.minecraft.planks.2":546,"stat.pickup.minecraft.planks.1":2,"stat.pickup.minecraft.iron_block":974,"stat.pickup.minecraft.planks.0":1992,"stat.mineBlock.minecraft.leaves.12":1,"stat.killEntity.Zombie":142,"stat.craftItem.minecraft.dye":39,"stat.mineBlock.minecraft.leaves.10":9,"stat.pickup.minecraft.snowball":10688,"stat.breakItem.minecraft.golden_hoe":1,"stat.mineBlock.minecraft.red_flower.3":2,"stat.craftItem.minecraft.diamond_axe":2,"stat.mineBlock.minecraft.gold_ore":110,"stat.diveOneCm":273472,"stat.drop.minecraft.diamond_pickaxe":10,"stat.craftItem.minecraft.slime_ball":45,"stat.pickup.minecraft.wheat":29,"stat.mineBlock.minecraft.red_flower.0":3,"stat.useItem.minecraft.sticky_piston":172,"stat.drop.minecraft.stone_stairs":1,"stat.craftItem.minecraft.ladder":177,"stat.craftItem.minecraft.coal.0":810,"stat.pickup.minecraft.sign":1,"stat.drop.minecraft.ladder":5,"stat.pickup.minecraft.stone_axe":4,"stat.pickup.minecraft.obsidian":11,"stat.useItem.minecraft.heavy_weighted_pressure_plate":3,"stat.useItem.minecraft.rotten_flesh":15,"stat.jump":27187,"stat.useItem.minecraft.sand":49,"stat.pickup.minecraft.coal":2338,"stat.pickup.minecraft.iron_ingot":1171,"stat.useItem.minecraft.planks.2":195,"stat.useItem.minecraft.planks.1":1,"stat.useItem.minecraft.planks.0":3434,"stat.craftItem.minecraft.lever":145,"stat.mineBlock.minecraft.observer":56,"stat.pickup.minecraft.gunpowder":51,"stat.craftItem.minecraft.torch":1532,"stat.pickup.minecraft.dirt":5499,"stat.breakItem.minecraft.leather_chestplate":1,"stat.drop.minecraft.iron_shovel":2,"stat.useItem.minecraft.glass":209,"stat.pickup.minecraft.stone_shovel":2,"stat.pickup.minecraft.gold_ore":154,"stat.mineBlock.minecraft.lapis_ore":21,"stat.mineBlock.minecraft.planks.2":139,"stat.pickup.minecraft.iron_axe":3,"stat.mineBlock.minecraft.planks.0":1153,"stat.mineBlock.minecraft.glass_pane":27,"stat.brewingstandInteraction":2,"stat.damageTaken":30112,"stat.mineBlock.minecraft.torch":136,"stat.mineBlock.minecraft.red_flower":6,"stat.tradedWithVillager":77,"stat.noteblockTuned":2,"stat.craftItem.minecraft.comparator":32,"stat.entityKilledBy.ZombieVillager":1,"stat.useItem.minecraft.slime":55,"stat.pickup.minecraft.bed":17,"stat.useItem.minecraft.birch_fence":21,"stat.pickup.minecraft.potato":1120,"stat.mineBlock.minecraft.fence_gate":5,"stat.breakItem.minecraft.iron_leggings":1,"stat.entityKilledBy.Zombie":9,"stat.pickup.minecraft.diamond_axe":17,"stat.craftItem.minecraft.stone_slab":1032,"stat.useItem.minecraft.chest":62,"stat.drop.minecraft.wheat":6,"stat.pickup.minecraft.diamond_pickaxe":30,"stat.useItem.minecraft.pumpkin":1,"stat.useItem.minecraft.observer":58,"stat.useItem.minecraft.tnt":4,"stat.useItem.minecraft.lava_bucket":109,"stat.drop.minecraft.stone.5":36,"stat.drop.minecraft.stone.3":108,"stat.drop.minecraft.stone.1":200,"stat.drop.minecraft.netherrack":2,"stat.drop.minecraft.stone_slab.0":2,"stat.craftItem.minecraft.iron_chestplate":2,"stat.pickup.minecraft.baked_potato":179,"stat.drop.minecraft.potato":776,"stat.pickup.minecraft.ender_pearl":11,"stat.drop.minecraft.egg":1,"stat.breakItem.minecraft.stone_hoe":1,"stat.pickup.minecraft.cooked_beef":669,"stat.pickup.minecraft.ladder":20,"stat.breakItem.minecraft.golden_boots":1,"stat.mineBlock.minecraft.farmland":64,"stat.drop.minecraft.nether_brick":24,"stat.mineBlock.minecraft.tnt":4,"stat.mobKills":468,"stat.pickup.minecraft.diamond_boots":4,"stat.craftItem.minecraft.shears":2,"stat.useItem.minecraft.boat":21,"stat.pickup.minecraft.diamond":52,"stat.pickup.minecraft.beetroot_seeds":36,"stat.breakItem.minecraft.diamond_shovel":1,"stat.pickup.minecraft.torch":694,"stat.pickup.minecraft.fish.0":36,"stat.drop.minecraft.arrow":5,"stat.pickup.minecraft.fish.1":27,"stat.drop.minecraft.shears":1,"stat.craftItem.minecraft.compass":9,"stat.useItem.minecraft.wooden_slab.0":10,"stat.drop.minecraft.waterlily":6,"stat.craftItem.minecraft.cooked_fish.1":27,"stat.craftItem.minecraft.cooked_fish.0":90,"stat.useItem.minecraft.wooden_slab.2":19,"stat.craftItem.minecraft.iron_axe":6,"stat.drop.minecraft.shield":2,"stat.pickup.minecraft.fishing_rod":1,"stat.useItem.minecraft.planks":3630,"stat.pickup.minecraft.glass":90,"stat.useItem.minecraft.water_bucket":267,"stat.pickup.minecraft.sand":670,"stat.craftItem.minecraft.golden_apple":3,"stat.pickup.minecraft.cooked_fish.0":187,"stat.pickup.minecraft.cooked_fish.1":2,"stat.drop.minecraft.cooked_fish.0":6,"stat.pickup.minecraft.observer":54,"stat.craftItem.minecraft.lit_pumpkin":315,"stat.craftItem.minecraft.cobblestone_wall":6,"stat.craftItem.minecraft.stone_sword":1,"stat.useItem.minecraft.brown_mushroom":1,"stat.mineBlock.minecraft.snow_layer":5125,"stat.mineBlock.minecraft.sand":596,"stat.craftItem.minecraft.cooked_fish":117,"stat.craftItem.minecraft.slime":15,"stat.pickup.minecraft.log.0":1999,"stat.hopperInspected":63,"stat.pickup.minecraft.log.2":785,"stat.useItem.minecraft.fence_gate":5,"stat.drop.minecraft.diamond":16,"stat.useItem.minecraft.lit_pumpkin":346,"stat.craftItem.minecraft.stone.0":3700,"stat.craftItem.minecraft.birch_door":222,"stat.trappedChestTriggered":12,"stat.useItem.minecraft.oak_stairs":56,"stat.craftItem.minecraft.observer":26,"stat.craftItem.minecraft.pumpkin_seeds":80,"stat.breakItem.minecraft.golden_chestplate":1,"stat.drop.minecraft.stone_slab":2,"stat.mineBlock.minecraft.stone_slab.11":28,"stat.pickup.minecraft.fence_gate":5,"stat.useItem.minecraft.minecart":41,"stat.pickup.minecraft.furnace":18,"stat.useItem.minecraft.redstone":838,"stat.useItem.minecraft.red_flower.0":1,"stat.drop.minecraft.diamond_helmet":1,"stat.useItem.minecraft.dirt.0":2105,"stat.pickup.minecraft.iron_chestplate":6,"stat.drop.minecraft.pumpkin_seeds":11,"stat.pickup.minecraft.stone_stairs":4,"stat.craftItem.minecraft.fence_gate":4,"stat.pickup.minecraft.pumpkin_seeds":5,"stat.useItem.minecraft.hopper":52,"stat.drop.minecraft.snowball":784,"stat.craftItem.minecraft.heavy_weighted_pressure_plate":4,"stat.mineBlock.minecraft.oak_stairs":256,"stat.playOneMinute":2624614,"stat.pickup.minecraft.birch_door":31,"stat.drop.minecraft.string":20,"stat.useItem.minecraft.shears":10,"stat.drop.minecraft.chest":1,"stat.useItem.minecraft.dye.15":39,"stat.pickup.minecraft.netherrack":4,"stat.pickup.minecraft.pumpkin":564,"stat.mineBlock.minecraft.netherrack":1,"stat.drop.minecraft.detector_rail":5,"stat.pickup.minecraft.waterlily":112,"stat.craftItem.minecraft.redstone_torch":446,"stat.drop.minecraft.flint":1,"stat.craftItem.minecraft.golden_rail":6,"stat.pickup.minecraft.detector_rail":3,"stat.mineBlock.minecraft.anvil.0":1,"stat.craftItem.minecraft.iron_hoe":2,"stat.craftItem.minecraft.iron_nugget":2,"stat.fallOneCm":573078,"stat.drop.minecraft.stone":344,"stat.drop.minecraft.dye":70,"stat.useItem.minecraft.trapped_chest":6,"stat.useItem.minecraft.stone.5":119,"stat.useItem.minecraft.stone.3":462,"stat.pickup.minecraft.dropper":7,"stat.craftItem.minecraft.chest":87,"stat.useItem.minecraft.stone.0":39,"stat.useItem.minecraft.stone.1":365,"stat.mineBlock.minecraft.lever":37,"stat.pickup.minecraft.red_mushroom":401,"stat.useItem.minecraft.iron_hoe":2,"stat.dropperInspected":44,"stat.pickup.minecraft.heavy_weighted_pressure_plate":4,"stat.pickup.minecraft.comparator":11,"stat.useItem.minecraft.golden_rail":649,"stat.craftItem.minecraft.detector_rail":6,"stat.drop.minecraft.iron_leggings":1,"stat.drop.minecraft.bone":1,"stat.useItem.minecraft.furnace":58,"stat.pickup.minecraft.slime":58,"stat.pickup.minecraft.iron_leggings":5,"stat.mineBlock.minecraft.anvil.1":1,"stat.mineBlock.minecraft.gravel":85,"stat.useItem.minecraft.stone_pickaxe":400,"stat.breakItem.minecraft.stone_axe":1,"stat.drop.minecraft.fence_gate":1,"stat.craftItem.minecraft.iron_leggings":2,"stat.useItem.minecraft.stone_slab.3":546,"stat.useItem.minecraft.stone_slab.0":332,"stat.drop.minecraft.reeds":5,"stat.drop.minecraft.stick":79,"stat.drop.minecraft.iron_axe":1,"stat.pickup.minecraft.red_flower.0":16,"stat.useItem.minecraft.torch":1136,"stat.pickup.minecraft.red_flower.3":4,"stat.pickup.minecraft.iron_nugget":18,"stat.craftItem.minecraft.redstone_block":130,"stat.pickup.minecraft.red_flower.8":7,"stat.pickup.minecraft.crafting_table":19,"stat.useItem.minecraft.log":19,"stat.useItem.minecraft.comparator":42,"stat.craftItem.minecraft.crafting_table":24,"stat.craftItem.minecraft.boat":15,"stat.pickup.minecraft.redstone_block":28,"stat.pickup.minecraft.log":2784,"stat.useItem.minecraft.cooked_fish":82,"stat.craftItem.minecraft.stone_button":1,"stat.mineBlock.minecraft.golden_rail":119,"stat.drop.minecraft.planks":67,"stat.pickup.minecraft.sapling":306,"stat.pickup.minecraft.wooden_door":107,"stat.entityKilledBy.Enderman":2,"stat.drop.minecraft.red_flower.8":1,"stat.useItem.minecraft.birch_door":222,"stat.drop.minecraft.bow":1,"stat.pickup.minecraft.beetroot":18,"stat.drop.minecraft.red_flower.0":41,"stat.drop.minecraft.red_flower.3":2,"stat.craftItem.minecraft.snow":2536,"stat.pickup.minecraft.diamond_helmet":4,"stat.useItem.minecraft.stone_hoe":277,"stat.useItem.minecraft.beetroot_seeds":17,"stat.sneakTime":256750,"stat.useItem.minecraft.baked_potato":36,"stat.pickup.minecraft.stone_slab":554,"stat.drop.minecraft.yellow_flower":5,"stat.pickup.minecraft.yellow_flower":10,"stat.pickup.minecraft.golden_rail":1089,"stat.pickup.minecraft.chest":279,"stat.drop.minecraft.yellow_flower.0":5,"stat.craftItem.minecraft.diamond_chestplate":1,"stat.pickup.minecraft.bone":40,"stat.useItem.minecraft.mushroom_stew":27,"stat.craftItem.minecraft.sticky_piston":162,"stat.pickup.minecraft.stone_pressure_plate":1,"stat.pickup.minecraft.redstone_torch":23,"stat.horseOneCm":930239,"stat.pickup.minecraft.lit_pumpkin":322,"stat.useItem.minecraft.repeater":209,"stat.mineBlock.minecraft.slime":49,"stat.drop.minecraft.red_mushroom":91,"stat.breakItem.minecraft.shield":2,"stat.mineBlock.minecraft.brown_mushroom":1,"stat.drop.minecraft.iron_nugget":18,"stat.craftItem.minecraft.diamond_helmet":1,"stat.swimOneCm":335367,"stat.climbOneCm":426505,"stat.drop.minecraft.sticky_piston":4,"stat.mineBlock.minecraft.tallgrass.1":601,"stat.pickup.minecraft.anvil.0":2,"stat.drop.minecraft.brown_mushroom":2,"stat.useItem.minecraft.redstone_torch":31,"stat.useItem.minecraft.dirt":2105,"stat.drop.minecraft.quartz":56,"stat.useItem.minecraft.leaves.0":3,"stat.useItem.minecraft.red_flower":1,"stat.drop.minecraft.dye.0":3,"stat.pickup.minecraft.anvil":2,"stat.useItem.minecraft.detector_rail":4,"stat.craftItem.minecraft.stone_pickaxe":3,"stat.drop.minecraft.dye.4":67,"stat.mineBlock.minecraft.wooden_slab.10":14,"stat.pickup.minecraft.cobblestone":13172,"stat.mineBlock.minecraft.redstone_block":9,"stat.useItem.minecraft.stone_shovel":4752,"stat.drop.minecraft.wheat_seeds":78,"stat.useItem.minecraft.cooked_beef":173,"stat.craftItem.minecraft.wooden_slab":78,"stat.pickup.minecraft.redstone":2403,"stat.mineBlock.minecraft.iron_ore":582,"stat.useItem.minecraft.sign":1,"stat.drop.minecraft.log":77,"stat.useItem.minecraft.noteblock":1,"stat.drop.minecraft.coal":35,"stat.useItem.minecraft.lever":139,"stat.pickup.minecraft.stonebrick":1,"stat.drop.minecraft.dirt":2,"stat.pickup.minecraft.iron_shovel":4,"stat.pickup.minecraft.trapdoor":1,"stat.pickup.minecraft.diamond_shovel":16,"stat.mineBlock.minecraft.yellow_flower.0":1,"stat.useItem.minecraft.chest_minecart":1,"stat.mineBlock.minecraft.grass":1998,"stat.pickup.minecraft.stone.0":760,"stat.pickup.minecraft.stone.1":997,"stat.pickup.minecraft.stone.5":882,"stat.pickup.minecraft.stone.3":893,"stat.craftItem.minecraft.chest_minecart":1,"stat.pickup.minecraft.paper":80,"stat.craftItem.minecraft.stick":1704,"stat.useItem.minecraft.stone_slab":878,"stat.useItem.minecraft.bed":14,"stat.craftItem.minecraft.stone":3700,"stat.pickup.minecraft.grass":1,"stat.mineBlock.minecraft.crafting_table":20,"stat.useItem.minecraft.diamond_pickaxe":13953,"stat.useItem.minecraft.carrot":155,"stat.mineBlock.minecraft.double_plant.2":13,"stat.pickup.minecraft.diamond_chestplate":4,"stat.useItem.minecraft.bucket":446,"stat.entityKilledBy.Creeper":2,"stat.mineBlock.minecraft.planks":1292,"stat.drop":2604,"stat.craftItem.minecraft.stone_slab.3":648,"stat.pickup.minecraft.slime_ball":232,"stat.drop.minecraft.iron_boots":4,"stat.craftItem.minecraft.stone_slab.0":384,"stat.craftItem.minecraft.diamond_pickaxe":7,"stat.pickup.minecraft.golden_chestplate":1,"stat.useItem.minecraft.cooked_fish.0":55,"stat.useItem.minecraft.cooked_fish.1":27,"stat.craftItem.minecraft.piston":177,"stat.drop.minecraft.wooden_pickaxe":1,"stat.pickup.minecraft.gravel":151,"stat.drop.minecraft.cooked_beef":161,"stat.killEntity.Slime":164,"stat.useItem.minecraft.diamond_axe":3776,"stat.mineBlock.minecraft.anvil":2,"stat.useItem.minecraft.apple":9,"stat.pickup.minecraft.fence":76,"stat.pickup.minecraft.iron_helmet":8,"stat.craftItem.minecraft.birch_boat":1,"stat.useItem.minecraft.stone_axe":121,"stat.useItem.minecraft.piston":42,"stat.pickup.minecraft.dye.0":9,"stat.pickup.minecraft.spider_eye":15,"stat.pickup.minecraft.dye.4":318,"stat.craftItem.minecraft.iron_helmet":2,"stat.useItem.minecraft.stone_button":1,"stat.craftItem.minecraft.rail":16,"stat.pickup.minecraft.iron_ore":757,"stat.pickup.minecraft.snow":2852,"stat.boatOneCm":2197741,"stat.pickup.minecraft.leaves":8,"stat.mineBlock.minecraft.stone_stairs":3,"stat.pickup.minecraft.leather":90,"stat.drop.minecraft.log.0":64,"stat.drop.minecraft.log.2":13,"stat.mineBlock.minecraft.furnace":21,"stat.useItem.minecraft.wooden_pickaxe":27,"stat.craftItem.minecraft.golden_hoe":1,"stat.mineBlock.minecraft.mycelium":4,"stat.pickup.minecraft.reeds":58,"stat.craftItem.minecraft.birch_fence":21,"stat.pickup.minecraft.oak_stairs":276,"stat.damageDealt":60548,"stat.craftItem.minecraft.glass":275,"stat.pickup.minecraft.yellow_flower.0":10,"stat.craftItem.minecraft.bowl":4,"stat.sleepInBed":38,"stat.craftItem.minecraft.baked_potato":59,"stat.craftItem.minecraft.anvil":3,"stat.killEntity.Cow":40,"stat.drop.minecraft.cobblestone_wall.0":12,"stat.useItem.minecraft.crafting_table":31,"stat.pickup.minecraft.minecart":45,"stat.craftItem.minecraft.iron_sword":2,"stat.mineBlock.minecraft.dirt.0":2355,"stat.useItem.minecraft.stonebrick.0":1,"stat.pickup.minecraft.piston":32,"stat.pickup.minecraft.boat":7,"stat.craftItem.minecraft.stone_shovel":37,"stat.walkOneCm":5733915,"stat.drop.minecraft.dirt.0":2,"stat.playerKills":6,"stat.pickup.minecraft.stick":388,"stat.pickup.minecraft.clay_ball":40,"stat.mineBlock.minecraft.sand.0":596,"stat.breakItem.minecraft.stone_pickaxe":3,"stat.drop.minecraft.iron_block":982,"stat.craftItem.minecraft.diamond_boots":1,"stat.useItem.minecraft.redstone_block":13,"stat.pickup.minecraft.tnt":4,"stat.drop.minecraft.iron_chestplate":2,"stat.pickup.minecraft.stone":3532,"stat.craftItem.minecraft.redstone":1422,"stat.useItem.minecraft.leaves":3,"stat.craftItem.minecraft.minecart":6,"stat.pickup.minecraft.gold_ingot":29,"stat.killEntity.Skeleton":29,"stat.useItem.minecraft.sand.0":49,"stat.mineBlock.minecraft.redstone_torch":12,"stat.drop.minecraft.crafting_table":1,"stat.killEntity.Spider":28,"stat.craftItem.minecraft.tnt":4,"stat.drop.minecraft.diamond_boots":1,"stat.pickup.minecraft.quartz":283,"stat.useItem.minecraft.golden_apple":3,"stat.breakItem.minecraft.iron_axe":5,"stat.pickup.minecraft.water_bucket":6,"stat.mineBlock.minecraft.leaves":439,"stat.mineBlock.minecraft.piston":40,"stat.mineBlock.minecraft.redstone_ore":2,"stat.craftItem.minecraft.coal_block":88,"stat.mineBlock.minecraft.wooden_slab.0":1,"stat.craftItem.minecraft.tripwire_hook":20,"stat.pickup.minecraft.dirt.0":5499,"stat.mineBlock.minecraft.wooden_slab.2":5,"stat.mineBlock.minecraft.stone":11859,"stat.mineBlock.minecraft.wooden_slab.8":2}