{"stats":{"minecraft:used":{"minecraft:birch_log":18,"minecraft:iron_ore":119},"minecraft:killed_by":{"minecraft:zombie":1},"minecraft:custom":{"minecraft:jump":1635,"minecraft:time_since_rest":431567,"minecraft:damage_dealt":38,"minecraft:damage_taken":310,"minecraft:play_one_minute":441252,"minecraft:crouch_one_cm":3648,"minecraft:leave_game":65,"minecraft:time_since_death":411149,"minecraft:sprint_one_cm":97637,"minecraft:walk_one_cm":23194,"minecraft:walk_on_water_one_cm":472,"minecraft:deaths":1,"minecraft:sneak_time":1633,"minecraft:climb_one_cm":2,"minecraft:walk_under_water_one_cm":286,"minecraft:fall_one_cm":1229,"minecraft:fly_one_cm":838936}},"DataVersion":1976}